"word","count","year"
"access",1,2003
"agricultural",1,2003
"air",1,2003
"aircraft",1,2003
"all",1,2003
"analysing",1,2003
"arms",1,2003
"art",1,2003
"article",1,2003
"automatic",1,2003
"board",1,2003
"boys",1,2003
"but",1,2003
"cases",1,2003
"cereals",1,2003
"civil",1,2003
"classified",1,2003
"co",1,2003
"cocoa",1,2003
"coke",1,2003
"cold",1,2003
"combustion",1,2003
"confectionery",1,2003
"containing",1,2003
"cream",1,2003
"current",1,2003
"cut",1,2003
"cycles",1,2003
"data",1,2003
"diagnostic",1,2003
"diamonds",1,2003
"domestic",1,2003
"electricity",1,2003
"elements",1,2003
"engineering",1,2003
"essential",1,2003
"estimate",1,2003
"estimated",1,2003
"excl",1,2003
"excluding",1,2003
"f",1,2003
"ferrous",1,2003
"fertilizers",1,2003
"flours",1,2003
"footwear",1,2003
"form",1,2003
"fuel",1,2003
"function",1,2003
"furniture",1,2003
"group",1,2003
"hand",1,2003
"handling",1,2003
"hides",1,2003
"import",1,2003
"inc",1,2003
"industrial",1,2003
"industries",1,2003
"internal",1,2003
"jute",1,2003
"kind",1,2003
"lead",1,2003
"live",1,2003
"made",1,2003
"manufactured",1,2003
"manufacturing",1,2003
"measuring",1,2003
"mechanical",1,2003
"medical",1,2003
"medicinal",1,2003
"minerals",1,2003
"motorcycles",1,2003
"motors",1,2003
"ore",1,2003
"particular",1,2003
"pig",1,2003
"primary",1,2003
"process",1,2003
"processing",1,2003
"producer",1,2003
"protecting",1,2003
"purpose",1,2003
"refuse",1,2003
"related",1,2003
"road",1,2003
"sanitary",1,2003
"section",1,2003
"semi",1,2003
"shape",1,2003
"sheets",1,2003
"shipments",1,2003
"similar",1,2003
"simply",1,2003
"size",1,2003
"specialized",1,2003
"specified",1,2003
"spices",1,2003
"starches",1,2003
"stones",1,2003
"storage",1,2003
"substitutes",1,2003
"sugar",1,2003
"sugars",1,2003
"switching",1,2003
"tea",1,2003
"telecommunications",1,2003
"television",1,2003
"than",1,2003
"tin",1,2003
"to",1,2003
"toys",1,2003
"transport",1,2003
"type",1,2003
"up",1,2003
"uranium",1,2003
"use",1,2003
"value",1,2003
"valued",1,2003
"watches",1,2003
"water",1,2003
"whether",1,2003
"work",1,2003
"worked",1,2003
"works",1,2003
"access",1,2004
"agricultural",1,2004
"air",1,2004
"aircraft",1,2004
"all",1,2004
"alloy",1,2004
"analysing",1,2004
"arms",1,2004
"art",1,2004
"article",1,2004
"automatic",1,2004
"bars",1,2004
"board",1,2004
"boats",1,2004
"boys",1,2004
"but",1,2004
"cases",1,2004
"cereals",1,2004
"cheese",1,2004
"chocolate",1,2004
"civil",1,2004
"classified",1,2004
"clocks",1,2004
"co",1,2004
"cocoa",1,2004
"confectionery",1,2004
"containers",1,2004
"containing",1,2004
"contractors",1,2004
"coverings",1,2004
"cream",1,2004
"crocheted",1,2004
"crustaceans",1,2004
"current",1,2004
"cut",1,2004
"cycles",1,2004
"data",1,2004
"domestic",1,2004
"dyeing",1,2004
"eggs",1,2004
"electricity",1,2004
"elements",1,2004
"engineering",1,2004
"essential",1,2004
"estimate",1,2004
"estimated",1,2004
"excluding",1,2004
"explosives",1,2004
"extracts",1,2004
"f",1,2004
"floor",1,2004
"flour",1,2004
"footwear",1,2004
"form",1,2004
"fuel",1,2004
"function",1,2004
"furniture",1,2004
"gases",1,2004
"glass",1,2004
"glassware",1,2004
"group",1,2004
"hair",1,2004
"hand",1,2004
"handling",1,2004
"hides",1,2004
"import",1,2004
"inc",1,2004
"ind",1,2004
"industrial",1,2004
"industries",1,2004
"internal",1,2004
"kind",1,2004
"lead",1,2004
"liquid",1,2004
"live",1,2004
"made",1,2004
"manufactured",1,2004
"manufacturing",1,2004
"mate",1,2004
"measuring",1,2004
"medical",1,2004
"nitrogen",1,2004
"paints",1,2004
"particular",1,2004
"primary",1,2004
"printing",1,2004
"process",1,2004
"processing",1,2004
"producer",1,2004
"protecting",1,2004
"purpose",1,2004
"pyrotechnic",1,2004
"related",1,2004
"road",1,2004
"rods",1,2004
"rough",1,2004
"salted",1,2004
"sand",1,2004
"section",1,2004
"semi",1,2004
"shape",1,2004
"sheets",1,2004
"shipments",1,2004
"ships",1,2004
"similar",1,2004
"simply",1,2004
"size",1,2004
"skins",1,2004
"specialized",1,2004
"specified",1,2004
"spices",1,2004
"sporting",1,2004
"stone",1,2004
"stones",1,2004
"storage",1,2004
"substitutes",1,2004
"sugar",1,2004
"sugars",1,2004
"suitable",1,2004
"sweet",1,2004
"switching",1,2004
"tanning",1,2004
"tea",1,2004
"telecommunications",1,2004
"television",1,2004
"than",1,2004
"to",1,2004
"transport",1,2004
"type",1,2004
"up",1,2004
"use",1,2004
"value",1,2004
"valued",1,2004
"wastes",1,2004
"watches",1,2004
"water",1,2004
"whether",1,2004
"wool",1,2004
"work",1,2004
"worked",1,2004
"works",1,2004
"access",1,2005
"additives",1,2005
"agricultural",1,2005
"air",1,2005
"aircraft",1,2005
"alcoholic",1,2005
"alcohols",1,2005
"all",1,2005
"analysing",1,2005
"arms",1,2005
"art",1,2005
"article",1,2005
"automatic",1,2005
"bars",1,2005
"board",1,2005
"bovine",1,2005
"but",1,2005
"carboxylic",1,2005
"cases",1,2005
"cement",1,2005
"cereals",1,2005
"checking",1,2005
"chilled",1,2005
"chocolate",1,2005
"civil",1,2005
"classified",1,2005
"clay",1,2005
"cleansing",1,2005
"co",1,2005
"cocoa",1,2005
"coke",1,2005
"combustion",1,2005
"confectionery",1,2005
"containers",1,2005
"containing",1,2005
"contractors",1,2005
"cosmetics",1,2005
"cream",1,2005
"current",1,2005
"cut",1,2005
"data",1,2005
"diagnostic",1,2005
"disinfectants",1,2005
"domestic",1,2005
"eggs",1,2005
"electricity",1,2005
"electro",1,2005
"elements",1,2005
"elevators",1,2005
"engineering",1,2005
"essential",1,2005
"estimate",1,2005
"estimated",1,2005
"excl",1,2005
"excluding",1,2005
"explosives",1,2005
"f",1,2005
"fertilizer",1,2005
"fertilizers",1,2005
"footwear",1,2005
"form",1,2005
"fuel",1,2005
"function",1,2005
"furniture",1,2005
"gaseous",1,2005
"gases",1,2005
"glass",1,2005
"gluten",1,2005
"group",1,2005
"hand",1,2005
"handling",1,2005
"honey",1,2005
"hoses",1,2005
"import",1,2005
"inc",1,2005
"ind",1,2005
"industrial",1,2005
"industries",1,2005
"internal",1,2005
"juices",1,2005
"kind",1,2005
"lead",1,2005
"lighting",1,2005
"liquid",1,2005
"live",1,2005
"made",1,2005
"manufactured",1,2005
"manufacturing",1,2005
"margarine",1,2005
"meal",1,2005
"meals",1,2005
"measuring",1,2005
"mechanical",1,2005
"medical",1,2005
"medicinal",1,2005
"meters",1,2005
"minerals",1,2005
"motors",1,2005
"nitrogen",1,2005
"ore",1,2005
"organo",1,2005
"paints",1,2005
"particular",1,2005
"perfume",1,2005
"perfumery",1,2005
"phenols",1,2005
"pieces",1,2005
"pigments",1,2005
"powder",1,2005
"primary",1,2005
"printing",1,2005
"process",1,2005
"processing",1,2005
"producer",1,2005
"protecting",1,2005
"purpose",1,2005
"pyrotechnic",1,2005
"radioactive",1,2005
"refuse",1,2005
"related",1,2005
"road",1,2005
"rough",1,2005
"sanitary",1,2005
"section",1,2005
"shape",1,2005
"shipments",1,2005
"ships",1,2005
"similar",1,2005
"simply",1,2005
"size",1,2005
"soap",1,2005
"specialized",1,2005
"specified",1,2005
"spices",1,2005
"sporting",1,2005
"starches",1,2005
"stone",1,2005
"stones",1,2005
"storage",1,2005
"substitutes",1,2005
"sugar",1,2005
"sugars",1,2005
"suitable",1,2005
"switching",1,2005
"tanning",1,2005
"tea",1,2005
"telecommunications",1,2005
"television",1,2005
"than",1,2005
"tin",1,2005
"tires",1,2005
"to",1,2005
"toys",1,2005
"transport",1,2005
"tv",1,2005
"type",1,2005
"up",1,2005
"use",1,2005
"value",1,2005
"valued",1,2005
"varnishes",1,2005
"veterinary",1,2005
"water",1,2005
"whether",1,2005
"wool",1,2005
"work",1,2005
"worked",1,2005
"works",1,2005
"access",1,2006
"agricultural",1,2006
"air",1,2006
"aircraft",1,2006
"all",1,2006
"analysing",1,2006
"arms",1,2006
"art",1,2006
"article",1,2006
"automatic",1,2006
"board",1,2006
"bovine",1,2006
"briquettes",1,2006
"but",1,2006
"cases",1,2006
"cereals",1,2006
"cheese",1,2006
"chips",1,2006
"cinema",1,2006
"cinematographic",1,2006
"civil",1,2006
"classified",1,2006
"co",1,2006
"containers",1,2006
"containing",1,2006
"contractors",1,2006
"corn",1,2006
"current",1,2006
"cut",1,2006
"cycles",1,2006
"data",1,2006
"diagnostic",1,2006
"distributing",1,2006
"domestic",1,2006
"eggs",1,2006
"electricity",1,2006
"elements",1,2006
"engineering",1,2006
"essential",1,2006
"estimate",1,2006
"estimated",1,2006
"excl",1,2006
"excluding",1,2006
"f",1,2006
"ferrous",1,2006
"fertilizers",1,2006
"flour",1,2006
"footwear",1,2006
"form",1,2006
"fuel",1,2006
"function",1,2006
"group",1,2006
"hand",1,2006
"handling",1,2006
"hides",1,2006
"honey",1,2006
"import",1,2006
"industrial",1,2006
"industries",1,2006
"internal",1,2006
"kind",1,2006
"lead",1,2006
"liquid",1,2006
"live",1,2006
"made",1,2006
"manufactured",1,2006
"manufacturing",1,2006
"meals",1,2006
"measuring",1,2006
"metallic",1,2006
"paints",1,2006
"particular",1,2006
"pieces",1,2006
"pig",1,2006
"powder",1,2006
"primary",1,2006
"printing",1,2006
"process",1,2006
"processing",1,2006
"producer",1,2006
"protecting",1,2006
"purpose",1,2006
"related",1,2006
"road",1,2006
"rough",1,2006
"sanitary",1,2006
"section",1,2006
"semi",1,2006
"shape",1,2006
"shipments",1,2006
"ships",1,2006
"similar",1,2006
"simply",1,2006
"size",1,2006
"specialized",1,2006
"specified",1,2006
"stone",1,2006
"stones",1,2006
"storage",1,2006
"sugar",1,2006
"suitable",1,2006
"taps",1,2006
"telecommunications",1,2006
"television",1,2006
"than",1,2006
"tin",1,2006
"to",1,2006
"transport",1,2006
"tv",1,2006
"type",1,2006
"up",1,2006
"use",1,2006
"value",1,2006
"valued",1,2006
"veterinary",1,2006
"water",1,2006
"whether",1,2006
"wool",1,2006
"work",1,2006
"worked",1,2006
"works",1,2006
"yarn",1,2006
"access",1,2007
"agricultural",1,2007
"air",1,2007
"aircraft",1,2007
"alcoholic",1,2007
"all",1,2007
"allies",1,2007
"ammunition",1,2007
"analysing",1,2007
"angles",1,2007
"antiques",1,2007
"arms",1,2007
"art",1,2007
"article",1,2007
"automatic",1,2007
"board",1,2007
"bovine",1,2007
"but",1,2007
"cases",1,2007
"cement",1,2007
"cereals",1,2007
"chips",1,2007
"cinematographic",1,2007
"civil",1,2007
"classified",1,2007
"clocks",1,2007
"co",1,2007
"cocoa",1,2007
"cold",1,2007
"collectors",1,2007
"confectionery",1,2007
"const",1,2007
"containing",1,2007
"corn",1,2007
"current",1,2007
"cut",1,2007
"cutlery",1,2007
"cycles",1,2007
"data",1,2007
"domestic",1,2007
"electro",1,2007
"elements",1,2007
"essential",1,2007
"estimate",1,2007
"estimated",1,2007
"excl",1,2007
"excluding",1,2007
"extracts",1,2007
"f",1,2007
"ferrous",1,2007
"footwear",1,2007
"form",1,2007
"fuel",1,2007
"function",1,2007
"furniture",1,2007
"glass",1,2007
"glassware",1,2007
"group",1,2007
"hair",1,2007
"hand",1,2007
"handling",1,2007
"headgear",1,2007
"hides",1,2007
"import",1,2007
"ind",1,2007
"industrial",1,2007
"industries",1,2007
"internal",1,2007
"juices",1,2007
"jute",1,2007
"kind",1,2007
"lead",1,2007
"live",1,2007
"made",1,2007
"manufactured",1,2007
"manufacturing",1,2007
"measuring",1,2007
"mechanical",1,2007
"medical",1,2007
"minerals",1,2007
"musical",1,2007
"particular",1,2007
"pearls",1,2007
"pieces",1,2007
"plywood",1,2007
"powder",1,2007
"primary",1,2007
"printed",1,2007
"process",1,2007
"processing",1,2007
"producer",1,2007
"protecting",1,2007
"purpose",1,2007
"refuse",1,2007
"related",1,2007
"resins",1,2007
"road",1,2007
"roll",1,2007
"rough",1,2007
"sanitary",1,2007
"section",1,2007
"semi",1,2007
"shape",1,2007
"shapes",1,2007
"shipments",1,2007
"silk",1,2007
"silver",1,2007
"similar",1,2007
"simply",1,2007
"size",1,2007
"skins",1,2007
"specialized",1,2007
"specified",1,2007
"stationery",1,2007
"stone",1,2007
"stones",1,2007
"strip",1,2007
"substitutes",1,2007
"sugar",1,2007
"suitable",1,2007
"switching",1,2007
"tea",1,2007
"telecommunications",1,2007
"than",1,2007
"tin",1,2007
"to",1,2007
"toys",1,2007
"transport",1,2007
"tv",1,2007
"type",1,2007
"up",1,2007
"use",1,2007
"value",1,2007
"valued",1,2007
"veterinary",1,2007
"wares",1,2007
"watches",1,2007
"water",1,2007
"whether",1,2007
"wool",1,2007
"work",1,2007
"worked",1,2007
"works",1,2007
"yarn",1,2007
"zinc",1,2007
"access",1,2008
"agricultural",1,2008
"air",1,2008
"aircraft",1,2008
"all",1,2008
"arms",1,2008
"article",1,2008
"bars",1,2008
"board",1,2008
"briquettes",1,2008
"but",1,2008
"cases",1,2008
"checking",1,2008
"chocolate",1,2008
"cinema",1,2008
"civil",1,2008
"classified",1,2008
"co",1,2008
"cocoa",1,2008
"coke",1,2008
"cold",1,2008
"containers",1,2008
"contractors",1,2008
"corn",1,2008
"cream",1,2008
"current",1,2008
"cut",1,2008
"cycles",1,2008
"data",1,2008
"diagnostic",1,2008
"distributing",1,2008
"domestic",1,2008
"dyeing",1,2008
"eggs",1,2008
"electricity",1,2008
"elements",1,2008
"engineering",1,2008
"essential",1,2008
"estimate",1,2008
"estimated",1,2008
"excluding",1,2008
"f",1,2008
"ferrous",1,2008
"fertilizer",1,2008
"fertilizers",1,2008
"floor",1,2008
"footwear",1,2008
"form",1,2008
"fuel",1,2008
"function",1,2008
"furniture",1,2008
"glass",1,2008
"group",1,2008
"hand",1,2008
"handling",1,2008
"hides",1,2008
"honey",1,2008
"import",1,2008
"ind",1,2008
"industrial",1,2008
"industries",1,2008
"internal",1,2008
"kind",1,2008
"lead",1,2008
"made",1,2008
"manufactured",1,2008
"manufacturing",1,2008
"measuring",1,2008
"medical",1,2008
"metalworking",1,2008
"minerals",1,2008
"motors",1,2008
"ore",1,2008
"particular",1,2008
"perfume",1,2008
"primary",1,2008
"process",1,2008
"processing",1,2008
"producer",1,2008
"protecting",1,2008
"purpose",1,2008
"related",1,2008
"road",1,2008
"rough",1,2008
"sanitary",1,2008
"section",1,2008
"semi",1,2008
"shape",1,2008
"shapes",1,2008
"shipments",1,2008
"ships",1,2008
"shortening",1,2008
"similar",1,2008
"simply",1,2008
"size",1,2008
"specialized",1,2008
"specified",1,2008
"spices",1,2008
"stone",1,2008
"storage",1,2008
"substitutes",1,2008
"sugar",1,2008
"suitable",1,2008
"switching",1,2008
"tanning",1,2008
"tea",1,2008
"telecommunications",1,2008
"television",1,2008
"than",1,2008
"to",1,2008
"toys",1,2008
"transport",1,2008
"type",1,2008
"up",1,2008
"use",1,2008
"value",1,2008
"valued",1,2008
"watches",1,2008
"whether",1,2008
"work",1,2008
"worked",1,2008
"works",1,2008
"access",1,2009
"adp",1,2009
"agricultural",1,2009
"air",1,2009
"aircraft",1,2009
"all",1,2009
"angles",1,2009
"art",1,2009
"article",1,2009
"automatic",1,2009
"board",1,2009
"bovine",1,2009
"but",1,2009
"cases",1,2009
"cement",1,2009
"cereals",1,2009
"chilled",1,2009
"chips",1,2009
"civil",1,2009
"classified",1,2009
"co",1,2009
"cocoa",1,2009
"corn",1,2009
"current",1,2009
"cut",1,2009
"cycles",1,2009
"data",1,2009
"domestic",1,2009
"elements",1,2009
"essential",1,2009
"estimate",1,2009
"estimated",1,2009
"excl",1,2009
"excluding",1,2009
"f",1,2009
"footwear",1,2009
"form",1,2009
"fuel",1,2009
"function",1,2009
"gluten",1,2009
"group",1,2009
"hand",1,2009
"hides",1,2009
"import",1,2009
"inc",1,2009
"industrial",1,2009
"industries",1,2009
"internal",1,2009
"kind",1,2009
"lead",1,2009
"live",1,2009
"made",1,2009
"manufactured",1,2009
"manufacturing",1,2009
"measuring",1,2009
"particular",1,2009
"powder",1,2009
"primary",1,2009
"printed",1,2009
"process",1,2009
"processing",1,2009
"producer",1,2009
"protecting",1,2009
"purpose",1,2009
"refuse",1,2009
"related",1,2009
"road",1,2009
"sanitary",1,2009
"section",1,2009
"semi",1,2009
"shape",1,2009
"sheets",1,2009
"shipments",1,2009
"silver",1,2009
"similar",1,2009
"simply",1,2009
"size",1,2009
"skins",1,2009
"specified",1,2009
"stones",1,2009
"sugar",1,2009
"suitable",1,2009
"switching",1,2009
"tea",1,2009
"telecommunications",1,2009
"than",1,2009
"to",1,2009
"transport",1,2009
"type",1,2009
"up",1,2009
"use",1,2009
"value",1,2009
"valued",1,2009
"water",1,2009
"whether",1,2009
"work",1,2009
"worked",1,2009
"works",1,2009
"abrasives",1,2010
"access",1,2010
"agricultural",1,2010
"air",1,2010
"aircraft",1,2010
"alcoholic",1,2010
"all",1,2010
"analysing",1,2010
"arms",1,2010
"art",1,2010
"article",1,2010
"automatic",1,2010
"birds",1,2010
"board",1,2010
"boats",1,2010
"bovine",1,2010
"briquettes",1,2010
"but",1,2010
"butane",1,2010
"cases",1,2010
"cement",1,2010
"charcoal",1,2010
"chilled",1,2010
"civil",1,2010
"classified",1,2010
"clay",1,2010
"co",1,2010
"cocoa",1,2010
"coke",1,2010
"cold",1,2010
"combustion",1,2010
"containing",1,2010
"corn",1,2010
"crustaceans",1,2010
"current",1,2010
"cut",1,2010
"cycles",1,2010
"data",1,2010
"diagnostic",1,2010
"diamonds",1,2010
"domestic",1,2010
"electricity",1,2010
"elements",1,2010
"engineering",1,2010
"essential",1,2010
"estimate",1,2010
"estimated",1,2010
"excl",1,2010
"excluding",1,2010
"f",1,2010
"ferrous",1,2010
"fertilizer",1,2010
"fertilizers",1,2010
"floor",1,2010
"footwear",1,2010
"form",1,2010
"fuel",1,2010
"function",1,2010
"furniture",1,2010
"gaseous",1,2010
"gases",1,2010
"gravel",1,2010
"group",1,2010
"hand",1,2010
"handling",1,2010
"hides",1,2010
"import",1,2010
"inc",1,2010
"industrial",1,2010
"industries",1,2010
"internal",1,2010
"kind",1,2010
"lead",1,2010
"lignite",1,2010
"liquid",1,2010
"live",1,2010
"made",1,2010
"manufactured",1,2010
"manufacturing",1,2010
"measuring",1,2010
"metallic",1,2010
"minerals",1,2010
"molluscs",1,2010
"nitrogen",1,2010
"ore",1,2010
"particular",1,2010
"pearls",1,2010
"peat",1,2010
"pieces",1,2010
"plywood",1,2010
"primary",1,2010
"process",1,2010
"processing",1,2010
"producer",1,2010
"propane",1,2010
"protecting",1,2010
"purpose",1,2010
"related",1,2010
"road",1,2010
"rough",1,2010
"sand",1,2010
"sanitary",1,2010
"section",1,2010
"semi",1,2010
"shape",1,2010
"shipments",1,2010
"ships",1,2010
"silver",1,2010
"similar",1,2010
"simply",1,2010
"size",1,2010
"skins",1,2010
"specialized",1,2010
"specified",1,2010
"spices",1,2010
"stone",1,2010
"stones",1,2010
"storage",1,2010
"strip",1,2010
"substitutes",1,2010
"sugar",1,2010
"suitable",1,2010
"sulfur",1,2010
"switching",1,2010
"tea",1,2010
"telecommunications",1,2010
"than",1,2010
"tin",1,2010
"to",1,2010
"transport",1,2010
"type",1,2010
"up",1,2010
"uranium",1,2010
"use",1,2010
"value",1,2010
"valued",1,2010
"wastes",1,2010
"water",1,2010
"whether",1,2010
"work",1,2010
"worked",1,2010
"works",1,2010
"zinc",1,2010
"access",1,2011
"agricultural",1,2011
"air",1,2011
"alcoholic",1,2011
"all",1,2011
"allies",1,2011
"ammunition",1,2011
"analysing",1,2011
"antiques",1,2011
"arms",1,2011
"art",1,2011
"article",1,2011
"automatic",1,2011
"board",1,2011
"but",1,2011
"cases",1,2011
"cement",1,2011
"cheese",1,2011
"chips",1,2011
"civil",1,2011
"classified",1,2011
"co",1,2011
"cocoa",1,2011
"containing",1,2011
"corn",1,2011
"current",1,2011
"cut",1,2011
"data",1,2011
"distributing",1,2011
"domestic",1,2011
"elements",1,2011
"essential",1,2011
"estimate",1,2011
"estimated",1,2011
"excl",1,2011
"excluding",1,2011
"f",1,2011
"footwear",1,2011
"form",1,2011
"fuel",1,2011
"function",1,2011
"gluten",1,2011
"group",1,2011
"hand",1,2011
"import",1,2011
"inc",1,2011
"ind",1,2011
"industrial",1,2011
"industries",1,2011
"internal",1,2011
"kind",1,2011
"lead",1,2011
"made",1,2011
"manufactured",1,2011
"manufacturing",1,2011
"measuring",1,2011
"medical",1,2011
"minerals",1,2011
"particular",1,2011
"primary",1,2011
"process",1,2011
"processing",1,2011
"producer",1,2011
"protecting",1,2011
"purpose",1,2011
"related",1,2011
"road",1,2011
"rough",1,2011
"sanitary",1,2011
"section",1,2011
"shape",1,2011
"shapes",1,2011
"shipments",1,2011
"ships",1,2011
"similar",1,2011
"simply",1,2011
"size",1,2011
"specialized",1,2011
"specified",1,2011
"stone",1,2011
"stones",1,2011
"substitutes",1,2011
"sugar",1,2011
"switching",1,2011
"tea",1,2011
"telecommunications",1,2011
"than",1,2011
"to",1,2011
"transport",1,2011
"type",1,2011
"up",1,2011
"use",1,2011
"value",1,2011
"valued",1,2011
"watches",1,2011
"water",1,2011
"whether",1,2011
"work",1,2011
"worked",1,2011
"works",1,2011
"access",1,2012
"additives",1,2012
"agricultural",1,2012
"air",1,2012
"alcoholic",1,2012
"all",1,2012
"analysing",1,2012
"arms",1,2012
"art",1,2012
"article",1,2012
"automatic",1,2012
"board",1,2012
"bovine",1,2012
"buildings",1,2012
"but",1,2012
"cases",1,2012
"cement",1,2012
"cereals",1,2012
"cheese",1,2012
"civil",1,2012
"classified",1,2012
"co",1,2012
"cocoa",1,2012
"containing",1,2012
"cosmetics",1,2012
"current",1,2012
"cut",1,2012
"cycles",1,2012
"data",1,2012
"distributing",1,2012
"domestic",1,2012
"electricity",1,2012
"elements",1,2012
"engineering",1,2012
"essential",1,2012
"estimate",1,2012
"estimated",1,2012
"excl",1,2012
"excluding",1,2012
"extracts",1,2012
"f",1,2012
"footwear",1,2012
"form",1,2012
"fuel",1,2012
"function",1,2012
"gases",1,2012
"group",1,2012
"hand",1,2012
"handling",1,2012
"hides",1,2012
"import",1,2012
"ind",1,2012
"industrial",1,2012
"industries",1,2012
"insecticides",1,2012
"internal",1,2012
"kind",1,2012
"lead",1,2012
"live",1,2012
"made",1,2012
"manufactured",1,2012
"manufacturing",1,2012
"measuring",1,2012
"mechanical",1,2012
"medical",1,2012
"minerals",1,2012
"paints",1,2012
"particular",1,2012
"pig",1,2012
"primary",1,2012
"printing",1,2012
"process",1,2012
"processing",1,2012
"producer",1,2012
"protecting",1,2012
"purpose",1,2012
"related",1,2012
"road",1,2012
"rough",1,2012
"sanitary",1,2012
"section",1,2012
"semi",1,2012
"shape",1,2012
"sheets",1,2012
"shipments",1,2012
"ships",1,2012
"similar",1,2012
"simply",1,2012
"size",1,2012
"specialized",1,2012
"specified",1,2012
"storage",1,2012
"substitutes",1,2012
"sugar",1,2012
"suitable",1,2012
"switching",1,2012
"tea",1,2012
"telecommunications",1,2012
"than",1,2012
"to",1,2012
"toys",1,2012
"transport",1,2012
"type",1,2012
"up",1,2012
"use",1,2012
"value",1,2012
"valued",1,2012
"veterinary",1,2012
"water",1,2012
"whether",1,2012
"work",1,2012
"worked",1,2012
"works",1,2012
"access",1,2013
"agricultural",1,2013
"air",1,2013
"aircraft",1,2013
"alcoholic",1,2013
"all",1,2013
"analysing",1,2013
"angles",1,2013
"art",1,2013
"article",1,2013
"automatic",1,2013
"bars",1,2013
"birds",1,2013
"board",1,2013
"boilers",1,2013
"bovine",1,2013
"but",1,2013
"cases",1,2013
"cement",1,2013
"cereals",1,2013
"chilled",1,2013
"chips",1,2013
"civil",1,2013
"classified",1,2013
"co",1,2013
"cocoa",1,2013
"coke",1,2013
"cold",1,2013
"combustion",1,2013
"containers",1,2013
"containing",1,2013
"corn",1,2013
"counters",1,2013
"current",1,2013
"cut",1,2013
"cycles",1,2013
"data",1,2013
"domestic",1,2013
"electricity",1,2013
"elements",1,2013
"engineering",1,2013
"essential",1,2013
"estimate",1,2013
"estimated",1,2013
"ethylene",1,2013
"excl",1,2013
"excluding",1,2013
"f",1,2013
"fabricated",1,2013
"fertilizer",1,2013
"flour",1,2013
"footwear",1,2013
"form",1,2013
"fuel",1,2013
"function",1,2013
"furniture",1,2013
"gases",1,2013
"glass",1,2013
"group",1,2013
"hair",1,2013
"hand",1,2013
"handling",1,2013
"headgear",1,2013
"hides",1,2013
"import",1,2013
"inc",1,2013
"ind",1,2013
"industrial",1,2013
"industries",1,2013
"internal",1,2013
"kind",1,2013
"lead",1,2013
"lighting",1,2013
"liquid",1,2013
"live",1,2013
"made",1,2013
"manufactured",1,2013
"manufacturing",1,2013
"measuring",1,2013
"mechanical",1,2013
"medical",1,2013
"metallic",1,2013
"minerals",1,2013
"nitrogen",1,2013
"ore",1,2013
"paints",1,2013
"particular",1,2013
"piston",1,2013
"plumbing",1,2013
"pottery",1,2013
"primary",1,2013
"printing",1,2013
"process",1,2013
"processing",1,2013
"producer",1,2013
"protecting",1,2013
"purpose",1,2013
"radioactive",1,2013
"related",1,2013
"road",1,2013
"roll",1,2013
"rough",1,2013
"sand",1,2013
"sanitary",1,2013
"section",1,2013
"semi",1,2013
"shape",1,2013
"shapes",1,2013
"sheets",1,2013
"shipments",1,2013
"ships",1,2013
"silver",1,2013
"similar",1,2013
"simply",1,2013
"size",1,2013
"skins",1,2013
"specialized",1,2013
"specified",1,2013
"spices",1,2013
"storage",1,2013
"substitutes",1,2013
"sugar",1,2013
"suitable",1,2013
"switching",1,2013
"tea",1,2013
"telecommunications",1,2013
"television",1,2013
"than",1,2013
"to",1,2013
"toys",1,2013
"transport",1,2013
"type",1,2013
"up",1,2013
"use",1,2013
"value",1,2013
"valued",1,2013
"vinyl",1,2013
"water",1,2013
"whether",1,2013
"work",1,2013
"worked",1,2013
"works",1,2013
"zinc",1,2013
"access",1,2014
"agricultural",1,2014
"air",1,2014
"aircraft",1,2014
"alcoholic",1,2014
"all",1,2014
"analysing",1,2014
"arms",1,2014
"article",1,2014
"automatic",1,2014
"ball",1,2014
"bars",1,2014
"board",1,2014
"but",1,2014
"cases",1,2014
"cereals",1,2014
"cheese",1,2014
"chilled",1,2014
"chips",1,2014
"chocolate",1,2014
"civil",1,2014
"classified",1,2014
"co",1,2014
"cocoa",1,2014
"cold",1,2014
"containers",1,2014
"containing",1,2014
"contractors",1,2014
"cooling",1,2014
"corn",1,2014
"crustaceans",1,2014
"current",1,2014
"cut",1,2014
"cycles",1,2014
"data",1,2014
"diagnostic",1,2014
"domestic",1,2014
"eggs",1,2014
"electricity",1,2014
"elements",1,2014
"engineering",1,2014
"essential",1,2014
"estimate",1,2014
"estimated",1,2014
"excl",1,2014
"excluding",1,2014
"f",1,2014
"feeding",1,2014
"fertilizer",1,2014
"fertilizers",1,2014
"floor",1,2014
"footwear",1,2014
"form",1,2014
"fuel",1,2014
"function",1,2014
"furniture",1,2014
"gases",1,2014
"group",1,2014
"hand",1,2014
"honey",1,2014
"import",1,2014
"inc",1,2014
"ind",1,2014
"industrial",1,2014
"industries",1,2014
"internal",1,2014
"kind",1,2014
"lead",1,2014
"live",1,2014
"made",1,2014
"manufactured",1,2014
"manufacturing",1,2014
"mate",1,2014
"measuring",1,2014
"medical",1,2014
"minerals",1,2014
"ore",1,2014
"particular",1,2014
"primary",1,2014
"printing",1,2014
"process",1,2014
"processing",1,2014
"producer",1,2014
"protecting",1,2014
"purpose",1,2014
"related",1,2014
"road",1,2014
"sand",1,2014
"sanitary",1,2014
"section",1,2014
"semi",1,2014
"shape",1,2014
"sheets",1,2014
"shipments",1,2014
"ships",1,2014
"shortening",1,2014
"similar",1,2014
"simply",1,2014
"size",1,2014
"specialized",1,2014
"specified",1,2014
"spices",1,2014
"sporting",1,2014
"stones",1,2014
"substitutes",1,2014
"sugar",1,2014
"suitable",1,2014
"switching",1,2014
"tea",1,2014
"telecommunications",1,2014
"than",1,2014
"tin",1,2014
"to",1,2014
"toys",1,2014
"transport",1,2014
"type",1,2014
"up",1,2014
"use",1,2014
"value",1,2014
"valued",1,2014
"watches",1,2014
"water",1,2014
"whether",1,2014
"wool",1,2014
"work",1,2014
"worked",1,2014
"works",1,2014
"zinc",1,2014
"access",1,2015
"agricultural",1,2015
"air",1,2015
"aircraft",1,2015
"all",1,2015
"analysing",1,2015
"article",1,2015
"automatic",1,2015
"board",1,2015
"but",1,2015
"cases",1,2015
"checking",1,2015
"cinema",1,2015
"civil",1,2015
"classified",1,2015
"co",1,2015
"containers",1,2015
"contractors",1,2015
"current",1,2015
"cut",1,2015
"cycles",1,2015
"data",1,2015
"diagnostic",1,2015
"distributing",1,2015
"domestic",1,2015
"electricity",1,2015
"elements",1,2015
"essential",1,2015
"estimate",1,2015
"estimated",1,2015
"excl",1,2015
"excluding",1,2015
"f",1,2015
"ferrous",1,2015
"footwear",1,2015
"form",1,2015
"fuel",1,2015
"function",1,2015
"furniture",1,2015
"group",1,2015
"hand",1,2015
"handling",1,2015
"import",1,2015
"inc",1,2015
"ind",1,2015
"industrial",1,2015
"industries",1,2015
"internal",1,2015
"lead",1,2015
"made",1,2015
"manufactured",1,2015
"manufacturing",1,2015
"measuring",1,2015
"medical",1,2015
"particular",1,2015
"pieces",1,2015
"primary",1,2015
"printing",1,2015
"process",1,2015
"processing",1,2015
"producer",1,2015
"protecting",1,2015
"purpose",1,2015
"related",1,2015
"road",1,2015
"rough",1,2015
"sanitary",1,2015
"section",1,2015
"shape",1,2015
"shipments",1,2015
"ships",1,2015
"shortening",1,2015
"similar",1,2015
"simply",1,2015
"size",1,2015
"specialized",1,2015
"specified",1,2015
"substitutes",1,2015
"suitable",1,2015
"telecommunications",1,2015
"than",1,2015
"to",1,2015
"transport",1,2015
"type",1,2015
"up",1,2015
"use",1,2015
"value",1,2015
"valued",1,2015
"whether",1,2015
"work",1,2015
"worked",1,2015
"works",1,2015
"access",1,2016
"agricultural",1,2016
"air",1,2016
"all",1,2016
"analysing",1,2016
"article",1,2016
"automatic",1,2016
"but",1,2016
"cases",1,2016
"classified",1,2016
"co",1,2016
"cocoa",1,2016
"coke",1,2016
"collectors",1,2016
"containing",1,2016
"contractors",1,2016
"current",1,2016
"cut",1,2016
"data",1,2016
"diagnostic",1,2016
"domestic",1,2016
"electricity",1,2016
"elements",1,2016
"engineering",1,2016
"essential",1,2016
"estimate",1,2016
"estimated",1,2016
"excluding",1,2016
"f",1,2016
"fabricated",1,2016
"footwear",1,2016
"form",1,2016
"fuel",1,2016
"function",1,2016
"furniture",1,2016
"glass",1,2016
"group",1,2016
"hand",1,2016
"handling",1,2016
"honey",1,2016
"import",1,2016
"inc",1,2016
"ind",1,2016
"industrial",1,2016
"industries",1,2016
"internal",1,2016
"kind",1,2016
"lead",1,2016
"made",1,2016
"manufactured",1,2016
"manufacturing",1,2016
"measuring",1,2016
"medical",1,2016
"metallic",1,2016
"particular",1,2016
"pieces",1,2016
"primary",1,2016
"printing",1,2016
"process",1,2016
"processing",1,2016
"producer",1,2016
"purpose",1,2016
"related",1,2016
"road",1,2016
"roll",1,2016
"sanitary",1,2016
"section",1,2016
"shape",1,2016
"sheets",1,2016
"shipments",1,2016
"shortening",1,2016
"similar",1,2016
"simply",1,2016
"size",1,2016
"specialized",1,2016
"specified",1,2016
"spices",1,2016
"stone",1,2016
"storage",1,2016
"suitable",1,2016
"switching",1,2016
"tea",1,2016
"telecommunications",1,2016
"television",1,2016
"than",1,2016
"to",1,2016
"transport",1,2016
"tv",1,2016
"type",1,2016
"up",1,2016
"use",1,2016
"value",1,2016
"valued",1,2016
"wares",1,2016
"water",1,2016
"whether",1,2016
"work",1,2016
"worked",1,2016
"works",1,2016
"zinc",1,2016
"access",1,2017
"adp",1,2017
"agricultural",1,2017
"air",1,2017
"aircraft",1,2017
"alcohols",1,2017
"all",1,2017
"analysing",1,2017
"art",1,2017
"article",1,2017
"automatic",1,2017
"board",1,2017
"bovine",1,2017
"but",1,2017
"cases",1,2017
"cement",1,2017
"chocolate",1,2017
"civil",1,2017
"co",1,2017
"cocoa",1,2017
"cold",1,2017
"containing",1,2017
"corn",1,2017
"current",1,2017
"cut",1,2017
"data",1,2017
"diagnostic",1,2017
"diamonds",1,2017
"domestic",1,2017
"elements",1,2017
"essential",1,2017
"estimated",1,2017
"excluding",1,2017
"fans",1,2017
"form",1,2017
"fuel",1,2017
"function",1,2017
"group",1,2017
"hand",1,2017
"handling",1,2017
"hides",1,2017
"import",1,2017
"inc",1,2017
"industrial",1,2017
"industries",1,2017
"internal",1,2017
"kind",1,2017
"lead",1,2017
"live",1,2017
"made",1,2017
"manufactured",1,2017
"manufacturing",1,2017
"measuring",1,2017
"medical",1,2017
"particular",1,2017
"pieces",1,2017
"powder",1,2017
"primary",1,2017
"printed",1,2017
"process",1,2017
"processing",1,2017
"protecting",1,2017
"purpose",1,2017
"related",1,2017
"road",1,2017
"roll",1,2017
"rough",1,2017
"sanitary",1,2017
"section",1,2017
"semi",1,2017
"shape",1,2017
"sheets",1,2017
"shipments",1,2017
"silk",1,2017
"silver",1,2017
"similar",1,2017
"size",1,2017
"skins",1,2017
"specialized",1,2017
"specified",1,2017
"sporting",1,2017
"stone",1,2017
"sugar",1,2017
"sweet",1,2017
"telecommunications",1,2017
"than",1,2017
"to",1,2017
"toys",1,2017
"transport",1,2017
"type",1,2017
"up",1,2017
"use",1,2017
"value",1,2017
"valued",1,2017
"veterinary",1,2017
"wastes",1,2017
"water",1,2017
"whether",1,2017
"work",1,2017
"worked",1,2017
"works",1,2017
"apparel",2,2003
"beverages",2,2003
"by",2,2003
"cereal",2,2003
"chemicals",2,2003
"clothing",2,2003
"coffee",2,2003
"construction",2,2003
"copper",2,2003
"electrical",2,2003
"engines",2,2003
"fixed",2,2003
"food",2,2003
"generating",2,2003
"girls",2,2003
"goods",2,2003
"household",2,2003
"low",2,2003
"maize",2,2003
"matter",2,2003
"milk",2,2003
"mineral",2,2003
"nuts",2,2003
"optical",2,2003
"organic",2,2003
"petroleum",2,2003
"photographic",2,2003
"plant",2,2003
"power",2,2003
"prepared",2,2003
"pulp",2,2003
"railway",2,2003
"receivers",2,2003
"recorders",2,2003
"removing",2,2003
"residual",2,2003
"rice",2,2003
"seeds",2,2003
"sound",2,2003
"steam",2,2003
"structures",2,2003
"supplies",2,2003
"track",2,2003
"tractors",2,2003
"transactions",2,2003
"vegetables",2,2003
"women",2,2003
"working",2,2003
"apparel",2,2004
"beverages",2,2004
"by",2,2004
"cereal",2,2004
"chemicals",2,2004
"clothing",2,2004
"coffee",2,2004
"construction",2,2004
"copper",2,2004
"electrical",2,2004
"fixed",2,2004
"food",2,2004
"furskins",2,2004
"generating",2,2004
"goods",2,2004
"household",2,2004
"knitted",2,2004
"liquefied",2,2004
"low",2,2004
"matter",2,2004
"milk",2,2004
"mineral",2,2004
"nuts",2,2004
"organic",2,2004
"petroleum",2,2004
"photographic",2,2004
"plant",2,2004
"power",2,2004
"prepared",2,2004
"pulp",2,2004
"railway",2,2004
"removing",2,2004
"rice",2,2004
"rolled",2,2004
"roots",2,2004
"seeds",2,2004
"sound",2,2004
"structures",2,2004
"supplies",2,2004
"track",2,2004
"transactions",2,2004
"tubers",2,2004
"vegetables",2,2004
"wire",2,2004
"women",2,2004
"working",2,2004
"acids",2,2005
"appliances",2,2005
"barley",2,2005
"beverages",2,2005
"butter",2,2005
"by",2,2005
"cereal",2,2005
"chemical",2,2005
"chemicals",2,2005
"clothing",2,2005
"coffee",2,2005
"construction",2,2005
"electrical",2,2005
"engines",2,2005
"film",2,2005
"fixed",2,2005
"food",2,2005
"generating",2,2005
"goods",2,2005
"household",2,2005
"hydrocarbons",2,2005
"low",2,2005
"maize",2,2005
"matter",2,2005
"men",2,2005
"milk",2,2005
"mineral",2,2005
"nuts",2,2005
"optical",2,2005
"organic",2,2005
"petroleum",2,2005
"photographic",2,2005
"plant",2,2005
"power",2,2005
"prepared",2,2005
"pulp",2,2005
"railway",2,2005
"receivers",2,2005
"recorders",2,2005
"removing",2,2005
"residual",2,2005
"rice",2,2005
"rolled",2,2005
"roots",2,2005
"seeds",2,2005
"smoked",2,2005
"sound",2,2005
"spinning",2,2005
"structures",2,2005
"supplies",2,2005
"track",2,2005
"trailers",2,2005
"transactions",2,2005
"vegetables",2,2005
"women",2,2005
"working",2,2005
"apparel",2,2006
"barley",2,2006
"beverages",2,2006
"butter",2,2006
"by",2,2006
"cereal",2,2006
"chemical",2,2006
"chemicals",2,2006
"clothing",2,2006
"construction",2,2006
"engines",2,2006
"film",2,2006
"fixed",2,2006
"food",2,2006
"goods",2,2006
"heating",2,2006
"household",2,2006
"low",2,2006
"maize",2,2006
"matter",2,2006
"milk",2,2006
"mill",2,2006
"mineral",2,2006
"organic",2,2006
"petroleum",2,2006
"plant",2,2006
"power",2,2006
"prepared",2,2006
"railway",2,2006
"removing",2,2006
"residual",2,2006
"rice",2,2006
"rolled",2,2006
"seeds",2,2006
"sound",2,2006
"structures",2,2006
"supplies",2,2006
"track",2,2006
"transactions",2,2006
"vegetables",2,2006
"women",2,2006
"working",2,2006
"apparel",2,2007
"appliances",2,2007
"beverages",2,2007
"by",2,2007
"chemical",2,2007
"chemicals",2,2007
"clothing",2,2007
"coffee",2,2007
"construction",2,2007
"copper",2,2007
"electrical",2,2007
"film",2,2007
"fixed",2,2007
"food",2,2007
"generating",2,2007
"goods",2,2007
"low",2,2007
"matter",2,2007
"mill",2,2007
"mineral",2,2007
"nickel",2,2007
"oleaginous",2,2007
"optical",2,2007
"organic",2,2007
"petroleum",2,2007
"photographic",2,2007
"plant",2,2007
"platinum",2,2007
"power",2,2007
"prepared",2,2007
"pulp",2,2007
"railway",2,2007
"removing",2,2007
"residual",2,2007
"roots",2,2007
"seeds",2,2007
"sound",2,2007
"steam",2,2007
"structures",2,2007
"supplies",2,2007
"track",2,2007
"transactions",2,2007
"valves",2,2007
"vegetables",2,2007
"working",2,2007
"apparel",2,2008
"beverages",2,2008
"by",2,2008
"chemicals",2,2008
"clothing",2,2008
"coffee",2,2008
"construction",2,2008
"cork",2,2008
"electrical",2,2008
"engines",2,2008
"film",2,2008
"fixed",2,2008
"food",2,2008
"generating",2,2008
"goods",2,2008
"household",2,2008
"low",2,2008
"matter",2,2008
"men",2,2008
"mill",2,2008
"mineral",2,2008
"optical",2,2008
"organic",2,2008
"petroleum",2,2008
"plant",2,2008
"power",2,2008
"prepared",2,2008
"pulp",2,2008
"railway",2,2008
"residual",2,2008
"rice",2,2008
"seeds",2,2008
"sound",2,2008
"steam",2,2008
"structures",2,2008
"supplies",2,2008
"track",2,2008
"trailers",2,2008
"transactions",2,2008
"valves",2,2008
"vegetables",2,2008
"women",2,2008
"working",2,2008
"apparel",2,2009
"appliances",2,2009
"beverages",2,2009
"by",2,2009
"chemical",2,2009
"chemicals",2,2009
"clothing",2,2009
"coffee",2,2009
"construction",2,2009
"electrical",2,2009
"fittings",2,2009
"fixed",2,2009
"food",2,2009
"generating",2,2009
"goods",2,2009
"low",2,2009
"maize",2,2009
"matter",2,2009
"milk",2,2009
"mineral",2,2009
"petroleum",2,2009
"pipes",2,2009
"plant",2,2009
"power",2,2009
"prepared",2,2009
"removing",2,2009
"rice",2,2009
"rolled",2,2009
"sound",2,2009
"steam",2,2009
"structures",2,2009
"supplies",2,2009
"track",2,2009
"transactions",2,2009
"tubes",2,2009
"valves",2,2009
"working",2,2009
"apparel",2,2010
"beverages",2,2010
"by",2,2010
"chemicals",2,2010
"clothing",2,2010
"coffee",2,2010
"construction",2,2010
"copper",2,2010
"cork",2,2010
"electrical",2,2010
"engines",2,2010
"fixed",2,2010
"food",2,2010
"furskins",2,2010
"generating",2,2010
"goods",2,2010
"heating",2,2010
"hydrocarbons",2,2010
"liquefied",2,2010
"low",2,2010
"matter",2,2010
"mill",2,2010
"mineral",2,2010
"nickel",2,2010
"paperboard",2,2010
"petroleum",2,2010
"plant",2,2010
"platinum",2,2010
"power",2,2010
"prepared",2,2010
"pulp",2,2010
"residual",2,2010
"rice",2,2010
"roots",2,2010
"sound",2,2010
"steam",2,2010
"structures",2,2010
"supplies",2,2010
"transactions",2,2010
"valves",2,2010
"working",2,2010
"apparel",2,2011
"appliances",2,2011
"beverages",2,2011
"by",2,2011
"chemical",2,2011
"chemicals",2,2011
"clothing",2,2011
"coffee",2,2011
"construction",2,2011
"electrical",2,2011
"film",2,2011
"fixed",2,2011
"food",2,2011
"generating",2,2011
"goods",2,2011
"household",2,2011
"low",2,2011
"matter",2,2011
"milk",2,2011
"mineral",2,2011
"optical",2,2011
"plant",2,2011
"power",2,2011
"prepared",2,2011
"removing",2,2011
"rice",2,2011
"rolled",2,2011
"roots",2,2011
"seeds",2,2011
"sound",2,2011
"structures",2,2011
"supplies",2,2011
"transactions",2,2011
"turbines",2,2011
"valves",2,2011
"working",2,2011
"apparel",2,2012
"appliances",2,2012
"beverages",2,2012
"by",2,2012
"chemical",2,2012
"chemicals",2,2012
"clothing",2,2012
"coffee",2,2012
"construction",2,2012
"electrical",2,2012
"engines",2,2012
"film",2,2012
"fixed",2,2012
"food",2,2012
"generating",2,2012
"goods",2,2012
"low",2,2012
"matter",2,2012
"milk",2,2012
"mill",2,2012
"mineral",2,2012
"nuts",2,2012
"organic",2,2012
"plant",2,2012
"power",2,2012
"prepared",2,2012
"removing",2,2012
"residual",2,2012
"sound",2,2012
"structures",2,2012
"supplies",2,2012
"track",2,2012
"transactions",2,2012
"valves",2,2012
"vegetables",2,2012
"women",2,2012
"working",2,2012
"apparel",2,2013
"appliances",2,2013
"beverages",2,2013
"butter",2,2013
"by",2,2013
"chemical",2,2013
"chemicals",2,2013
"clothing",2,2013
"coffee",2,2013
"construction",2,2013
"copper",2,2013
"electrical",2,2013
"engines",2,2013
"film",2,2013
"fixed",2,2013
"food",2,2013
"furskins",2,2013
"generating",2,2013
"goods",2,2013
"household",2,2013
"hydrocarbons",2,2013
"low",2,2013
"matter",2,2013
"men",2,2013
"mineral",2,2013
"motorized",2,2013
"optical",2,2013
"organic",2,2013
"petroleum",2,2013
"photographic",2,2013
"pipes",2,2013
"plant",2,2013
"power",2,2013
"prepared",2,2013
"pulp",2,2013
"railway",2,2013
"receivers",2,2013
"recorders",2,2013
"residual",2,2013
"roots",2,2013
"sound",2,2013
"spinning",2,2013
"steam",2,2013
"structures",2,2013
"supplies",2,2013
"track",2,2013
"transactions",2,2013
"tubes",2,2013
"valves",2,2013
"women",2,2013
"working",2,2013
"apparel",2,2014
"appliances",2,2014
"beverages",2,2014
"butter",2,2014
"by",2,2014
"chemicals",2,2014
"clothing",2,2014
"coffee",2,2014
"construction",2,2014
"copper",2,2014
"electrical",2,2014
"engines",2,2014
"fixed",2,2014
"food",2,2014
"generating",2,2014
"goods",2,2014
"household",2,2014
"liquefied",2,2014
"low",2,2014
"maize",2,2014
"matter",2,2014
"milk",2,2014
"mineral",2,2014
"motorized",2,2014
"nickel",2,2014
"nuts",2,2014
"petroleum",2,2014
"plant",2,2014
"power",2,2014
"prepared",2,2014
"railway",2,2014
"removing",2,2014
"residual",2,2014
"rice",2,2014
"rolled",2,2014
"roots",2,2014
"seeds",2,2014
"sound",2,2014
"steam",2,2014
"structures",2,2014
"supplies",2,2014
"track",2,2014
"transactions",2,2014
"valves",2,2014
"vegetables",2,2014
"women",2,2014
"working",2,2014
"apparel",2,2015
"beverages",2,2015
"by",2,2015
"chemicals",2,2015
"clothing",2,2015
"construction",2,2015
"electrical",2,2015
"fixed",2,2015
"food",2,2015
"generating",2,2015
"goods",2,2015
"household",2,2015
"low",2,2015
"matter",2,2015
"petroleum",2,2015
"plant",2,2015
"power",2,2015
"prepared",2,2015
"structures",2,2015
"supplies",2,2015
"track",2,2015
"transactions",2,2015
"valves",2,2015
"women",2,2015
"working",2,2015
"apparel",2,2016
"by",2,2016
"chemical",2,2016
"chemicals",2,2016
"clothing",2,2016
"coffee",2,2016
"construction",2,2016
"electrical",2,2016
"engines",2,2016
"film",2,2016
"fixed",2,2016
"food",2,2016
"generating",2,2016
"goods",2,2016
"household",2,2016
"low",2,2016
"matter",2,2016
"mineral",2,2016
"optical",2,2016
"organic",2,2016
"petroleum",2,2016
"pipes",2,2016
"plant",2,2016
"power",2,2016
"prepared",2,2016
"removing",2,2016
"rice",2,2016
"steam",2,2016
"structures",2,2016
"supplies",2,2016
"track",2,2016
"transactions",2,2016
"tubes",2,2016
"valves",2,2016
"vegetables",2,2016
"women",2,2016
"working",2,2016
"appliances",2,2017
"by",2,2017
"chemicals",2,2017
"clothing",2,2017
"coffee",2,2017
"construction",2,2017
"engines",2,2017
"film",2,2017
"fixed",2,2017
"food",2,2017
"generating",2,2017
"goods",2,2017
"household",2,2017
"low",2,2017
"matter",2,2017
"men",2,2017
"milk",2,2017
"organic",2,2017
"petroleum",2,2017
"plant",2,2017
"power",2,2017
"prepared",2,2017
"pulp",2,2017
"railway",2,2017
"recorders",2,2017
"removing",2,2017
"rice",2,2017
"rolled",2,2017
"sound",2,2017
"structures",2,2017
"supplies",2,2017
"track",2,2017
"transactions",2,2017
"valves",2,2017
"vegetables",2,2017
"women",2,2017
"working",2,2017
"animals",3,2003
"associated",3,2003
"cotton",3,2003
"gold",3,2003
"instruments",3,2003
"knit",3,2003
"leather",3,2003
"material",3,2003
"metals",3,2003
"office",3,2003
"precious",3,2003
"preserved",3,2003
"raw",3,2003
"scrap",3,2003
"the",3,2003
"tobacco",3,2003
"animals",3,2004
"associated",3,2004
"coal",3,2004
"cotton",3,2004
"flat",3,2004
"instruments",3,2004
"leather",3,2004
"material",3,2004
"metals",3,2004
"miscellaneous",3,2004
"office",3,2004
"precious",3,2004
"raw",3,2004
"the",3,2004
"tobacco",3,2004
"animals",3,2005
"associated",3,2005
"compounds",3,2005
"cotton",3,2005
"derivatives",3,2005
"instruments",3,2005
"leather",3,2005
"material",3,2005
"metals",3,2005
"miscellaneous",3,2005
"offal",3,2005
"office",3,2005
"precious",3,2005
"preserved",3,2005
"raw",3,2005
"synthetic",3,2005
"the",3,2005
"tobacco",3,2005
"animals",3,2006
"associated",3,2006
"coal",3,2006
"cotton",3,2006
"flat",3,2006
"gold",3,2006
"instruments",3,2006
"leather",3,2006
"machine",3,2006
"material",3,2006
"metals",3,2006
"miscellaneous",3,2006
"office",3,2006
"preserved",3,2006
"raw",3,2006
"the",3,2006
"tobacco",3,2006
"animals",3,2007
"associated",3,2007
"coal",3,2007
"cotton",3,2007
"flat",3,2007
"gold",3,2007
"instruments",3,2007
"knit",3,2007
"leather",3,2007
"material",3,2007
"metals",3,2007
"miscellaneous",3,2007
"office",3,2007
"precious",3,2007
"raw",3,2007
"synthetic",3,2007
"the",3,2007
"tobacco",3,2007
"associated",3,2008
"coal",3,2008
"flat",3,2008
"gold",3,2008
"instruments",3,2008
"leather",3,2008
"machine",3,2008
"metals",3,2008
"office",3,2008
"raw",3,2008
"the",3,2008
"tobacco",3,2008
"animals",3,2009
"associated",3,2009
"coin",3,2009
"flat",3,2009
"gold",3,2009
"instruments",3,2009
"material",3,2009
"metals",3,2009
"office",3,2009
"precious",3,2009
"preserved",3,2009
"raw",3,2009
"the",3,2009
"tobacco",3,2009
"animals",3,2010
"associated",3,2010
"coal",3,2010
"derivatives",3,2010
"flat",3,2010
"gold",3,2010
"instruments",3,2010
"leather",3,2010
"material",3,2010
"metals",3,2010
"office",3,2010
"precious",3,2010
"preserved",3,2010
"raw",3,2010
"scrap",3,2010
"synthetic",3,2010
"the",3,2010
"associated",3,2011
"coal",3,2011
"coin",3,2011
"flat",3,2011
"instruments",3,2011
"leather",3,2011
"material",3,2011
"metals",3,2011
"miscellaneous",3,2011
"office",3,2011
"precious",3,2011
"raw",3,2011
"the",3,2011
"tobacco",3,2011
"woven",3,2011
"animals",3,2012
"associated",3,2012
"coin",3,2012
"cotton",3,2012
"flat",3,2012
"instruments",3,2012
"knit",3,2012
"leather",3,2012
"machine",3,2012
"material",3,2012
"metals",3,2012
"miscellaneous",3,2012
"offal",3,2012
"office",3,2012
"preserved",3,2012
"raw",3,2012
"the",3,2012
"tobacco",3,2012
"associated",3,2013
"coal",3,2013
"compounds",3,2013
"cotton",3,2013
"derivatives",3,2013
"flat",3,2013
"gold",3,2013
"instruments",3,2013
"leather",3,2013
"machine",3,2013
"material",3,2013
"metals",3,2013
"miscellaneous",3,2013
"offal",3,2013
"office",3,2013
"precious",3,2013
"preserved",3,2013
"raw",3,2013
"synthetic",3,2013
"the",3,2013
"tobacco",3,2013
"animals",3,2014
"associated",3,2014
"coal",3,2014
"cotton",3,2014
"flat",3,2014
"gold",3,2014
"instruments",3,2014
"leather",3,2014
"material",3,2014
"metals",3,2014
"office",3,2014
"precious",3,2014
"raw",3,2014
"synthetic",3,2014
"the",3,2014
"tobacco",3,2014
"associated",3,2015
"coin",3,2015
"flat",3,2015
"gold",3,2015
"instruments",3,2015
"material",3,2015
"metals",3,2015
"office",3,2015
"preserved",3,2015
"raw",3,2015
"the",3,2015
"associated",3,2016
"coin",3,2016
"instruments",3,2016
"leather",3,2016
"material",3,2016
"metals",3,2016
"office",3,2016
"raw",3,2016
"the",3,2016
"tobacco",3,2016
"animals",3,2017
"associated",3,2017
"cotton",3,2017
"flat",3,2017
"instruments",3,2017
"material",3,2017
"miscellaneous",3,2017
"office",3,2017
"raw",3,2017
"scrap",3,2017
"the",3,2017
"tobacco",3,2017
"animal",4,2003
"electric",4,2003
"etc",4,2003
"fish",4,2003
"fresh",4,2003
"including",4,2003
"meat",4,2003
"motor",4,2003
"paper",4,2003
"s",4,2003
"special",4,2003
"wheat",4,2003
"animal",4,2004
"dried",4,2004
"edible",4,2004
"electric",4,2004
"etc",4,2004
"fish",4,2004
"fresh",4,2004
"including",4,2004
"meat",4,2004
"motor",4,2004
"paper",4,2004
"s",4,2004
"special",4,2004
"animal",4,2005
"dried",4,2005
"edible",4,2005
"electric",4,2005
"etc",4,2005
"fish",4,2005
"fresh",4,2005
"including",4,2005
"inorganic",4,2005
"meat",4,2005
"motor",4,2005
"paper",4,2005
"s",4,2005
"special",4,2005
"wheat",4,2005
"animal",4,2006
"etc",4,2006
"fish",4,2006
"fresh",4,2006
"including",4,2006
"meat",4,2006
"motor",4,2006
"paper",4,2006
"s",4,2006
"special",4,2006
"wheat",4,2006
"animal",4,2007
"electric",4,2007
"etc",4,2007
"fish",4,2007
"fresh",4,2007
"including",4,2007
"inorganic",4,2007
"meat",4,2007
"motor",4,2007
"paper",4,2007
"s",4,2007
"special",4,2007
"wheat",4,2007
"animal",4,2008
"etc",4,2008
"including",4,2008
"meat",4,2008
"motor",4,2008
"paper",4,2008
"s",4,2008
"special",4,2008
"wheat",4,2008
"animal",4,2009
"etc",4,2009
"fish",4,2009
"fresh",4,2009
"including",4,2009
"meat",4,2009
"paper",4,2009
"s",4,2009
"special",4,2009
"wheat",4,2009
"animal",4,2010
"electric",4,2010
"etc",4,2010
"fish",4,2010
"fresh",4,2010
"including",4,2010
"inorganic",4,2010
"meat",4,2010
"motor",4,2010
"paper",4,2010
"s",4,2010
"special",4,2010
"wheat",4,2010
"animal",4,2011
"etc",4,2011
"fish",4,2011
"fresh",4,2011
"including",4,2011
"paper",4,2011
"s",4,2011
"special",4,2011
"wheat",4,2011
"animal",4,2012
"dried",4,2012
"electric",4,2012
"etc",4,2012
"fish",4,2012
"fresh",4,2012
"including",4,2012
"meat",4,2012
"motor",4,2012
"paper",4,2012
"s",4,2012
"special",4,2012
"animal",4,2013
"edible",4,2013
"electric",4,2013
"etc",4,2013
"fish",4,2013
"fresh",4,2013
"including",4,2013
"meat",4,2013
"motor",4,2013
"paper",4,2013
"s",4,2013
"special",4,2013
"wheat",4,2013
"animal",4,2014
"electric",4,2014
"etc",4,2014
"fish",4,2014
"fresh",4,2014
"including",4,2014
"meat",4,2014
"motor",4,2014
"paper",4,2014
"s",4,2014
"special",4,2014
"wheat",4,2014
"animal",4,2015
"electric",4,2015
"etc",4,2015
"fresh",4,2015
"including",4,2015
"motor",4,2015
"paper",4,2015
"s",4,2015
"special",4,2015
"wheat",4,2015
"animal",4,2016
"etc",4,2016
"fresh",4,2016
"including",4,2016
"motor",4,2016
"paper",4,2016
"s",4,2016
"special",4,2016
"animal",4,2017
"etc",4,2017
"fish",4,2017
"fresh",4,2017
"including",4,2017
"meat",4,2017
"motor",4,2017
"paper",4,2017
"s",4,2017
"special",4,2017
"wheat",4,2017
"apparatus",5,2003
"base",5,2003
"except",5,2003
"fats",5,2003
"gas",5,2003
"in",5,2003
"manufactures",5,2003
"natural",5,2003
"oil",5,2003
"tools",5,2003
"vehicles",5,2003
"base",5,2004
"except",5,2004
"fats",5,2004
"gas",5,2004
"in",5,2004
"manufactures",5,2004
"natural",5,2004
"oil",5,2004
"tools",5,2004
"vehicles",5,2004
"base",5,2005
"except",5,2005
"fats",5,2005
"gas",5,2005
"in",5,2005
"manufactures",5,2005
"natural",5,2005
"oil",5,2005
"tools",5,2005
"vehicles",5,2005
"base",5,2006
"except",5,2006
"gas",5,2006
"in",5,2006
"manufactures",5,2006
"natural",5,2006
"oil",5,2006
"tools",5,2006
"vehicles",5,2006
"apparatus",5,2007
"base",5,2007
"except",5,2007
"fats",5,2007
"gas",5,2007
"in",5,2007
"manufactures",5,2007
"natural",5,2007
"oil",5,2007
"tools",5,2007
"vehicles",5,2007
"apparatus",5,2008
"base",5,2008
"except",5,2008
"fats",5,2008
"gas",5,2008
"in",5,2008
"manufactures",5,2008
"natural",5,2008
"oil",5,2008
"tools",5,2008
"vehicles",5,2008
"base",5,2009
"except",5,2009
"fats",5,2009
"gas",5,2009
"in",5,2009
"natural",5,2009
"oil",5,2009
"tools",5,2009
"apparatus",5,2010
"base",5,2010
"except",5,2010
"gas",5,2010
"in",5,2010
"manufactures",5,2010
"natural",5,2010
"oil",5,2010
"tools",5,2010
"vehicles",5,2010
"apparatus",5,2011
"base",5,2011
"except",5,2011
"fats",5,2011
"in",5,2011
"manufactures",5,2011
"natural",5,2011
"oil",5,2011
"tools",5,2011
"vehicles",5,2011
"apparatus",5,2012
"base",5,2012
"except",5,2012
"fats",5,2012
"gas",5,2012
"in",5,2012
"natural",5,2012
"oil",5,2012
"tools",5,2012
"vehicles",5,2012
"apparatus",5,2013
"base",5,2013
"except",5,2013
"gas",5,2013
"in",5,2013
"manufactures",5,2013
"natural",5,2013
"oil",5,2013
"tools",5,2013
"vehicles",5,2013
"base",5,2014
"except",5,2014
"fats",5,2014
"gas",5,2014
"in",5,2014
"manufactures",5,2014
"natural",5,2014
"oil",5,2014
"tools",5,2014
"vehicles",5,2014
"base",5,2015
"except",5,2015
"in",5,2015
"manufactures",5,2015
"natural",5,2015
"oil",5,2015
"tools",5,2015
"vehicles",5,2015
"apparatus",5,2016
"base",5,2016
"except",5,2016
"fats",5,2016
"gas",5,2016
"in",5,2016
"manufactures",5,2016
"natural",5,2016
"oil",5,2016
"tools",5,2016
"vehicles",5,2016
"apparatus",5,2017
"base",5,2017
"except",5,2017
"gas",5,2017
"in",5,2017
"natural",5,2017
"oil",5,2017
"tools",5,2017
"vehicles",5,2017
"articles",6,2003
"fruit",6,2003
"ores",6,2003
"plastics",6,2003
"rubber",6,2003
"waste",6,2003
"articles",6,2004
"concentrates",6,2004
"fabrics",6,2004
"fruit",6,2004
"plastics",6,2004
"rubber",6,2004
"articles",6,2005
"concentrates",6,2005
"fabrics",6,2005
"fruit",6,2005
"ores",6,2005
"plastics",6,2005
"rubber",6,2005
"waste",6,2005
"articles",6,2006
"fruit",6,2006
"ores",6,2006
"waste",6,2006
"articles",6,2007
"fabrics",6,2007
"fruit",6,2007
"ores",6,2007
"plastics",6,2007
"rubber",6,2007
"articles",6,2008
"concentrates",6,2008
"fruit",6,2008
"plastics",6,2008
"rubber",6,2008
"waste",6,2008
"articles",6,2009
"rubber",6,2009
"articles",6,2010
"concentrates",6,2010
"fruit",6,2010
"ores",6,2010
"rubber",6,2010
"waste",6,2010
"articles",6,2011
"concentrates",6,2011
"plastics",6,2011
"rubber",6,2011
"articles",6,2012
"plastics",6,2012
"waste",6,2012
"articles",6,2013
"plastics",6,2013
"rubber",6,2013
"waste",6,2013
"articles",6,2014
"concentrates",6,2014
"fruit",6,2014
"ores",6,2014
"plastics",6,2014
"rubber",6,2014
"waste",6,2014
"articles",6,2015
"rubber",6,2015
"articles",6,2016
"fruit",6,2016
"ores",6,2016
"plastics",6,2016
"rubber",6,2016
"waste",6,2016
"fruit",6,2017
"plastics",6,2017
"waste",6,2017
"machines",7,2003
"oils",7,2003
"vegetable",7,2003
"wood",7,2003
"accessories",7,2004
"oils",7,2004
"vegetable",7,2004
"wood",7,2004
"accessories",7,2005
"machines",7,2005
"oils",7,2005
"vegetable",7,2005
"wood",7,2005
"oils",7,2006
"vegetable",7,2006
"wood",7,2006
"accessories",7,2007
"machines",7,2007
"oils",7,2007
"vegetable",7,2007
"wood",7,2007
"machines",7,2008
"oils",7,2008
"wood",7,2008
"wood",7,2009
"vegetable",7,2010
"wood",7,2010
"oils",7,2011
"vegetable",7,2011
"wood",7,2011
"machines",7,2012
"oils",7,2012
"vegetable",7,2012
"wood",7,2012
"accessories",7,2013
"machines",7,2013
"oils",7,2013
"vegetable",7,2013
"wood",7,2013
"machines",7,2014
"oils",7,2014
"vegetable",7,2014
"wood",7,2014
"wood",7,2015
"vegetable",7,2016
"wood",7,2016
"machines",7,2017
"crude",8,2004
"crude",8,2005
"crude",8,2006
"crude",8,2007
"crude",8,2008
"crude",8,2010
"crude",8,2011
"crude",8,2012
"crude",8,2013
"crude",8,2014
"equipment",9,2003
"materials",9,2003
"equipment",9,2004
"materials",9,2004
"equipment",9,2005
"materials",9,2005
"equipment",9,2006
"materials",9,2006
"equipment",9,2007
"materials",9,2007
"equipment",9,2008
"materials",9,2008
"equipment",9,2009
"materials",9,2009
"equipment",9,2010
"materials",9,2010
"equipment",9,2011
"materials",9,2011
"equipment",9,2012
"materials",9,2012
"equipment",9,2013
"materials",9,2013
"equipment",9,2014
"materials",9,2014
"equipment",9,2015
"materials",9,2015
"equipment",9,2016
"materials",9,2016
"equipment",9,2017
"materials",9,2017
"machinery",10,2003
"metal",10,2003
"steel",10,2003
"machinery",10,2004
"metal",10,2004
"steel",10,2004
"machinery",10,2005
"metal",10,2005
"steel",10,2005
"machinery",10,2006
"metal",10,2006
"steel",10,2006
"machinery",10,2007
"metal",10,2007
"steel",10,2007
"machinery",10,2008
"metal",10,2008
"steel",10,2008
"machinery",10,2009
"metal",10,2009
"steel",10,2009
"machinery",10,2010
"metal",10,2010
"steel",10,2010
"machinery",10,2011
"steel",10,2011
"machinery",10,2012
"steel",10,2012
"machinery",10,2013
"metal",10,2013
"steel",10,2013
"machinery",10,2014
"metal",10,2014
"steel",10,2014
"machinery",10,2015
"metal",10,2015
"steel",10,2015
"machinery",10,2016
"metal",10,2016
"steel",10,2016
"steel",10,2017
"iron",12,2003
"iron",12,2004
"iron",12,2005
"iron",12,2006
"iron",12,2007
"iron",12,2008
"iron",12,2009
"iron",12,2010
"iron",12,2011
"iron",12,2012
"iron",12,2013
"iron",12,2014
"iron",12,2015
"iron",12,2017
"textile",13,2003
"textile",13,2004
"textile",13,2005
"textile",13,2006
"textile",13,2007
"textile",13,2008
"textile",13,2009
"textile",13,2010
"textile",13,2011
"textile",13,2012
"textile",13,2013
"textile",13,2014
"textile",13,2015
"textile",13,2016
"textile",13,2017
